{
  "project_info": {
    "project_number": "252142781999",
    "firebase_url": "https://fbnn-59092.firebaseio.com",
    "project_id": "fbnn-59092",
    "storage_bucket": "fbnn-59092.appspot.com"
  },
  "client": [
    {
      "client_info": {
        "mobilesdk_app_id": "1:252142781999:android:604c753abb56bd8b5928da",
        "android_client_info": {
          "package_name": "com.fbn"
        }
      },
      "oauth_client": [
        {
          "client_id": "252142781999-dgi6055u5n5261227vi6g2t5gka0shga.apps.googleusercontent.com",
          "client_type": 3
        }
      ],
      "api_key": [
        {
          "current_key": "AIzaSyBhZ0UFg08IrM_JKyPl1Uc_x4_cu-fLk_s"
        }
      ],
      "services": {
        "appinvite_service": {
          "other_platform_oauth_client": [
            {
              "client_id": "252142781999-dgi6055u5n5261227vi6g2t5gka0shga.apps.googleusercontent.com",
              "client_type": 3
            }
          ]
        }
      }
    }
  ],
  "configuration_version": "1"
}